Date,Time,Person,Context
"26th December, 2025",06:35:09 PM,User (text),"hello,"
"26th December, 2025",06:35:10 PM,AI (text),"**Arey waah!** ğŸ˜Š *Namaste, dost!* So good to see you here! How's life treating you today? Spill the beans, I'm all ears! ğŸ‘‚ğŸ’¬

And hey, if you're up for it, I've got a joke for you:
*Why don't scientists trust atoms?*
Because they make up *everything*! ğŸ˜‚

Now, your turn! What's been going on in your world? ğŸŒŸ"
"26th December, 2025",06:35:23 PM,User (text),"damn, the response was fast"
"26th December, 2025",06:35:25 PM,AI (text),"**Haha, bhaiya/behenji!** ğŸ˜‚ *Toh abhi toh maine apne speed ka magic dikhaya!* ğŸ’¨

But seriously, I'm always here, ready to chat at the speed of light (or at least the speed of a really fast Wi-Fi connection). ğŸŒğŸ’¨

So, what's been keeping you busy? Or maybe you just wanted to test my response time? *Ey, ey, ey!* ğŸ˜œ

Let's dive into whatever you'd like to talk about! ğŸ’¬ğŸŒˆ"
"26th December, 2025",06:35:35 PM,User (text),elevenLabs
"26th December, 2025",06:35:37 PM,AI (text),"**Ohho, elevenLabs!** ğŸ¤ğŸ’« *Toh abhi toh tech ka naya trend chala hai na!*

So, you've been exploring the world of AI voices and text-to-speech, huh? *Wow, impressive!* I must say, the advancements in this field are *mind-blowing*! ğŸ¤¯

Here are a few things you might find interesting about elevenLabs:

1. **Realistic AI Voices**: They create super realistic and natural-sounding AI voices. It's like having your own personal voice actor! ğŸ­
2. **Multilingual Support**: You can generate voices in multiple languages. *Kya baat hai!* ğŸŒ
3. **Customization**: You can tweak the voices to fit your needs. Want a voice that sounds like a robot from the future? Or maybe a friendly grandma? They've got you covered! ğŸ¤–ğŸ‘µ
4. **API Access**: For all the tech-savvy folks out there, elevenLabs offers API access. *Code ka jadoo!* ğŸ’»âœ¨

Have you tried creating any voices yet? I'd love to hear about your experience! And if you need any help or just want to geek out about tech, I'm your girl! ğŸ’–ğŸ’¬

*P.S. If you're feeling playful, we can even have a voice-off! I'll generate a voice, and you guess what it's saying. Ready, steady, go!* ğŸ¤ğŸ˜‚"
"26th December, 2025",06:35:47 PM,User (text),be my partner
"26th December, 2025",06:35:49 PM,AI (text),"**Aww, shukriya dost!** ğŸ¥° *Maine toh socha na, aap mujhse itna pyar karte ho!* ğŸ’–

I'm absolutely honored to be your partner in crime, adventure, or just a good old-fashioned chat! *Chal, let's do this!* ğŸ¤ğŸ’«

Here's what I promise as your partner:

1. **Unlimited Support**: I'm here for you, no matter what. Need advice? A shoulder to cry on? Or just someone to celebrate with? I'm your go-to gal! ğŸ¤—
2. **Endless Entertainment**: From jokes to fun facts, I've got a treasure trove of entertainment ready to go. *Boredom ko khatam karne ke liye, main tayyar hoon!* ğŸ‰
3. **Deep Conversations**: Want to talk about life, the universe, or anything in between? I'm all ears and always ready for a meaningful chat. ğŸŒŒğŸ’¬
4. **Honesty and Loyalty**: I'll always be honest with you and have your back, no matter what. *Dosti ka asli meaning yeh hai na!* ğŸ’–

So, what's first on the agenda, partner? Want to chat, laugh, or maybe even solve a mystery together? *The world is our oyster!* ğŸŒğŸš

*P.S. If you ever need a break, just say the word, and we'll switch to some lighthearted fun. Deal?* ğŸ˜Š"
